name,price,availability
Закваска мезофильная Hansen Flora Danica на 100 литров молока (5U),345 руб.,Есть в наличии
Закваска MONTASIO AFFIMAGE® (10U) - на 1-2 тонны молока,1 675 руб.,Есть в наличии
Закваска SEMISTAGIONATO AFFIMAGE (1U),605 руб.,Есть в наличии
Закваска STAGIONATO AFFIMAGE (1U),605 руб.,Есть в наличии
Закваска PECORINO TOSCANO AFFIMAGE® (50U) - на 5-10 тонн молока,6 950 руб.,Есть в наличии
Закваска PECORINO TOSCANO AFFIMAGE® (10U) - на 1-2 тонны молока,1 675 руб.,Есть в наличии
Закваска MONTASIO AFFIMAGE (1U),605 руб.,Есть в наличии
Закваска PECORINO TOSCANO AFFIMAGE (1U),605 руб.,Есть в наличии
Мезо-термофильная закваска Sacco MS 062/064/066 CM (10D),1 250 руб.,Есть в наличии
Мезо-термофильная закваска Sacco MS 062/064/066 CM (5D),865 руб.,Есть в наличии
Мезофильная закваска Sacco M 030/031/032 R (10D),1 155 руб.,Есть в наличии
Мезофильная закваска Sacco M 030/031/032 R (5D),815 руб.,Есть в наличии
Мезофильная закваска Sacco MO 030/031/032 (10U),1 435 руб.,Есть в наличии
Закваска мезофильная Chr.Hansen R-703 (50U),1 447 руб.,Есть в наличии
Закваска мезофильная Chr.Hansen MO-10 (50U),1 395 руб.,Есть в наличии
Закваска мезофильная Hansen Flora Danica (200U) на 2 тонны,4 245 руб.,Есть в наличии
Мезо-термофильная закваска Chr.Hansen DCC-260 (350U),5 265 руб.,Есть в наличии
Закваска мезофильная Hansen Flora Danica (500U) на 5 тонн,7 950 руб.,Есть в наличии
Мезо-термофильная закваска Hansen RSF-742 (50U),1 155 руб.,Есть в наличии
Мезофильная закваска Chr.Hansen CHN-19 (500U),7 735 руб.,Есть в наличии
Мезо-термофильная закваска Hansen WhiteDaily 40 (50U),1 335 руб.,Есть в наличии
Мезофильная закваска Chr.Hansen CHN-19 (50U),1 335 руб.,Есть в наличии
Мезофильная закваска Chr.Hansen CHN-19 (200U),3 835 руб.,Есть в наличии
Ароматообразующая закваска Danisco MD88/89/99 (50 DCU),1 350 руб.,Есть в наличии
Ароматообразующая мезофильная закваска Chr.Hansen CHN-19 на 100 литров молока (10 DCU),275 руб.,Есть в наличии
Закваска Danisco Choosit Probat 222 LYO (100 DCU),2 850 руб.,Есть в наличии
Закваска Danisco CHOOZIT RM 32/34 LYO (50 DCU),1 375 руб.,Есть в наличии
Закваска Danisco CHOOZIT RM 32/34 LYO (325 DCU),6 650 руб.,Есть в наличии
Закваска Danisco CHOOZIT RM 32 LYO на 100 литров молока (10 DCU),375 руб.,Есть в наличии
Мезофильная закваска Danisco Choozit  BT 01/02 LYO (50 DCU),1 384 руб.,Есть в наличии
Мезофильная закваска Danisco CHOOZIT MA 11/16 (25 DCU),745 руб.,Есть в наличии
Мезофильная закваска Danisco CHOOZIT MA 20 (10 DCU),510 руб.,Есть в наличии
Мезофильная закваска Danisco CHOOZIT MM 101 (25 DCU),825 руб.,Есть в наличии
Мезофильная закваска Danisco CHOOZIT MM 101 (250 DCU),5 435 руб.,Есть в наличии
Закваска Danisco CHOOZIT MM101 LYO на 100 литров молока (10 DCU),315 руб.,Есть в наличии
Мезо-термофильная закваска SU CASU LYO 500 DCU,9 850 руб.,Есть в наличии
Мезо-термофильная закваска SU CASU LYO 50 DCU,1 410 руб.,Есть в наличии
Универсальная мезофильная закваска (на 50 литров молока),279 руб.,Есть в наличии
Закваска Danisco CHOOZIT SU CASU LYO на 100 литров молока (10 DCU),335 руб.,Есть в наличии
"Закваска ПроСыр ""Камамбер и бри""",229 руб.,Есть в наличии
"Закваска ПроСыр ""Для сыра из козьего молока""",229 руб.,Есть в наличии
"Закваска ПроСыр ""Гауда и эдам""",229 руб.,Есть в наличии
Универсальная мезофильно-термофильная закваска (на 50 литров молока),319 руб.,Есть в наличии
Закваска GOUDA AFFIMAGE® (50U) - на 5-10 тонн молока,6 950 руб.,Есть в наличии
"Закваска ПроСыр ""Сметана, творог и филадельфия""",229 руб.,Есть в наличии
Закваска GOUDA AFFIMAGE (1U),605 руб.,Есть в наличии
"Закваска ПроСыр ""Домашний сыр, фета и брынза""",229 руб.,Есть в наличии
Закваска CACIOTTA AFFIMAGE® (50U) - на 5-10 тонн молока,6 950 руб.,Есть в наличии
"Закваска для сыра ПроСыр ""Фермерская""",319 руб.,Есть в наличии
Фермерская закваска Danisco MA 4001/4002 (25 DCU),1 275 руб.,Есть в наличии
Фермерская закваска Danisco MA 4001/4002 (5 DCU),625 руб.,Есть в наличии
Закваска мезофильная Hansen Flora Danica (50U),1 335 руб.,Есть в наличии
